deck,deck_lists,unique_cards,total_card_rows,average_placement
Dragapult,1970,189,48695,139.1919272654611
Dragapult Dusknoir,913,116,24126,124.80848534959433
N's Zoroark,877,128,23621,123.84731730616144
Slowking,842,137,22159,120.72868702986095
Basic Box,797,127,22562,116.41918717168925
Alakazam Dudunsparce,752,121,20424,113.97873570602596
Mega Excadrill,540,108,12078,86.10072479215519
Dhelmise,501,127,12146,89.57993456924754
Dragapult Blaziken,465,79,13010,123.2105167559713
Other,422,584,10550,87.43619261547101
Lopunny Dudunsparce,417,116,10756,99.76363853408141
Crustle,400,126,10253,115.89949631017922
Festival Lead,386,81,10438,119.42837936934735
Alakazam Dusknoir,316,74,7937,92.72896646401256
Lucario Hariyama,301,94,6936,105.3474962063733
Ogerpon Meganium Hydrapple,300,81,7555,76.83097112860892
Sharpedo Toxtricity,278,96,6261,101.27095316351685
Rocket's Honchkrow,252,50,4924,129.79624388988938
Lopunny Dusknoir,232,82,5951,92.50188261351052
Cynthia's Garchomp,215,81,4955,102.75445013411363
Mega Greninja,209,143,5836,121.83006077606358
Mega Lucario,202,137,4810,98.37751303052866
Raging Bolt Ogerpon,187,97,5002,169.4023776863283
Grimmsnarl Froslass,178,87,4333,89.11726766344181
Greninja,139,106,4188,98.46076388888889
Rocket's Mewtwo,132,75,3420,120.54765193370166
Hydrapple,127,59,3154,232.24032974001267
Dragapult Dudunsparce,120,75,3016,117.56377449020391
Beedrill,101,95,2414,120.05178857447945
Mew Box,97,145,2541,112.54739726027397
Ethan's Typhlosion,86,101,2324,113.74441687344913
Mega Chandelure,85,100,2124,123.42151344590368
Steven's Metagross,84,98,2449,94.4486301369863
Starmie Froslass,83,80,2241,104.8084985835694
Ogerpon Meganium Arboliva,81,51,1960,77.69673837612768
Hop's Trevenant,78,72,2076,106.6967305524239
Mega Starmie,75,93,1915,90.54100529100529
Seaking Festival Lead,74,54,1820,90.79761904761905
Toxtricity Box,74,59,2025,91.98929471032746
Clefairy Ogerpon,62,63,1787,103.30298818624044
Toucannon,61,133,1640,105.52227342549924
Gengar,58,84,1486,93.56019900497512
Starmie Dusknoir,57,81,1500,101.29696472518458
Mega Venusaur,53,87,1321,103.3043893129771
Mega Absol Box,51,92,1360,98.61344537815125
Kangaskhan Bouffalant,50,112,1356,151.3009708737864
Ogerpon Meganium,42,101,1037,127.66995614035088
Ceruledge,41,56,773,111.30864197530865
Manectric Eelektrik,41,86,1033,102.10568031704095
Mega Darkrai,39,97,1055,124.28174603174604
Lillie's Clefairy,38,89,960,133.78094059405942
Cinccino,29,77,582,67.40325865580448
Marnie's Grimmsnarl,28,83,668,113.17335766423358
Hydreigon,26,123,768,84.63829787234043
Okidogi Barbaracle,25,50,619,81.45348837209302
Mega Charizard X,21,90,561,110.56024096385542
Toxtricity,20,89,494,69.1159420289855
Metagross,19,69,458,167.37956204379563
Tera Box,18,75,599,147.22222222222223
Froslass Munkidori,17,81,464,145.63666666666666
Mega Camerupt,17,36,414,71.04065040650407
Doublade,16,80,417,57.81231671554252
Mega Froslass,16,102,353,67.2140350877193
Eelektrik,15,89,403,91.67213114754098
Mega Abomasnow,15,36,159,42.92857142857143
Yanmega,15,82,364,125.54952076677316
Dragapult Froslass,14,45,363,136.64583333333334
Hop's Zacian,14,71,372,113.18518518518519
Diancie Dusknoir,13,40,326,257.5173745173745
Mega Dragonite,13,69,366,120.4392523364486
Iono's Bellibolt,11,32,217,76.17886178861788
Mega Zygarde,11,42,242,59.92893401015228
Archaludon Dudunsparce,10,49,238,204.7340425531915
Blaziken Zoroark,10,46,303,44.29752066115702
Decidueye,10,54,269,121.0390625
Flareon Noctowl,10,58,354,110.57142857142857
Mega Gengar,10,68,271,57.64233576642336
Mega Lopunny,10,75,258,134.2445652173913
Rocket's Spidops,10,41,263,126.68354430379746
Zygarde Barbaracle,10,50,224,97.82412060301507
Mega Diancie,9,53,219,74.475935828877
Archaludon Zoroark,8,42,215,41.935483870967744
Palafin,8,59,209,79.37362637362638
Alakazam,7,72,171,151.44055944055944
Ethan's Magcargo,7,43,160,101.95744680851064
Flareon,7,52,217,114.11059907834101
Joltik Box,7,69,214,158.29906542056074
Sinistcha Ogerpon,7,41,138,56.61224489795919
Archaludon,6,44,125,64.83653846153847
Azumarill,6,56,174,59.390243902439025
Paldean Tauros,6,37,135,31.486725663716815
Ursaluna Lunatone,6,59,163,96.2638036809816
Wailord,6,47,143,76.72043010752688
Jellicent Dusknoir,5,45,137,145.59036144578315
Mega Feraligatr,5,50,132,64.84848484848484
Blissey,4,45,121,62.377049180327866
Froslass Dudunsparce,4,53,109,183.41975308641975
Greninja Froslass,4,31,109,53.58715596330275
Raging Bolt Bellibolt,4,30,91,99.57142857142857
Sylveon,4,32,111,233.890243902439
Bloodmoon Ursaluna,2,41,51,116.07843137254902
Bronzong,2,40,47,47.93617021276596
Heatran Metang,2,22,33,96.63636363636364
Mamoswine,2,31,43,56.69767441860465
Mega Sharpedo,2,42,54,65.0
Rocket's Nidoking,2,40,57,369.0
Slaking,2,41,63,49.714285714285715
Alolan Exeggutor ex,1,25,27,169.0
Blaziken,1,30,30,80.0
Dudunsparce Control,1,35,35,309.0
Erika's Victreebel,1,24,24,103.0
Flygon,1,29,30,46.0
Incineroar,1,27,27,41.0
Milotic,1,19,19,18.0
Misty's Gyarados,1,20,20,49.0
Scizor,1,23,23,
