source,id,labs_id,name,date,country,format,players,url
major,580,0075,Regional Recife,2026-10-03,BR,standard,1074,https://www.limitlesstcg.com/tournaments/580
major,579,0074,Regional Frankfurt,2026-09-26,DE,standard,2793,https://www.limitlesstcg.com/tournaments/579
major,578,0073,Regional Brisbane,2026-09-26,AU,standard,817,https://www.limitlesstcg.com/tournaments/578
major,606,,Indonesia Premier Ball League,2026-09-19,ID,standard,1384,https://www.limitlesstcg.com/tournaments/606
major,577,0072,"Regional Baltimore, MD",2026-09-19,US,standard,3122,https://www.limitlesstcg.com/tournaments/577
major,515,0071,World Championships 2026,2026-08-28,US,standard,797,https://www.limitlesstcg.com/tournaments/515
major,518,0070,"NAIC 2026, New Orleans",2026-06-10,US,standard,3752,https://www.limitlesstcg.com/tournaments/518
major,540,0069,Special Event Turin,2026-06-06,IT,standard,2033,https://www.limitlesstcg.com/tournaments/540
major,559,0068,"Regional Indianapolis, IN",2026-05-30,US,standard,1974,https://www.limitlesstcg.com/tournaments/559
major,536,0067,Special Event Lima,2026-05-23,PE,standard,499,https://www.limitlesstcg.com/tournaments/536
