game,name,date,format,id,players,organizerId
PTCG,Vault Of Games #5🏆| SEASON 1|WEEKLY,2026-10-04T01:00:00.000Z,STANDARD,6ab89ead783097f8dcb71c7b,200,2226
PTCG,OTS Pokemon TCG Live Arena #2,2026-10-03T22:00:00.000Z,STANDARD,6abc389a783097f8dcb73b38,53,30
PTCG,⚡ Surge's TCG Vault Winner Takes All - 50 Codes,2026-10-03T20:00:00.000Z,STANDARD,6ac14830245696afb3515753,57,2603
PTCG,PokeMagee Weekly #16 - Birthday tournament!,2026-10-03T18:00:00.000Z,STANDARD,6ac0c55d85920e4d253629f8,106,2659
PTCG,SEASAC League Challenge #24 (SEASON 5) [50 CODES],2026-10-03T11:30:00.000Z,STANDARD,6abf3df0783097f8dcb75d2a,99,2623
PTCG,TOURNAMENT OF DOOM! Did you know...,2026-10-03T02:35:00.000Z,STANDARD,6a8723115a307140955752fb,405,349
PTCG,Elite Four Fridays,2026-10-02T23:00:00.000Z,STANDARD,6aad664cf127b1b52c27c0ac,51,2819
PTCG,ASRcristiano # 193 - 60 codes - Road to Nice!,2026-10-02T19:00:00.000Z,STANDARD,6abd0c8d880ed327106e0182,80,1778
PTCG,⚡ Surge's TCG Vault Winner Takes All Live BO3 #25,2026-10-02T18:00:00.000Z,STANDARD,6ab2769af127b1b52c27f7da,108,2603
PTCG,Turtwig Den Revival Series Season 2 Cup 1,2026-10-02T16:05:00.000Z,STANDARD,6a95d0c2abb9482237504c8a,64,196
PTCG,SEASAC League Challenge #23 (SEASON 5) [50 CODES],2026-10-02T12:00:00.000Z,STANDARD,6abf0e80880ed327106e17bb,128,2623
PTCG,Rare Candy Club Blitz #2 (30TH LEGAL),2026-10-02T00:00:00.000Z,STANDARD,6abbbfd0880ed327106df3e7,76,2518
PTCG,💥Plantel Battle #34 💥​100 CODES ✔️​ TOP 8,2026-10-01T23:00:00.000Z,STANDARD,6abd9bf3783097f8dcb74a6c,132,1727
PTCG,⚡ Surge's TCG Vault Winner Takes All - 100 Codes,2026-10-01T20:30:00.000Z,STANDARD,6ab27650f127b1b52c27f7d8,102,2603
PTCG,ASRcristiano # 192 - 60 codes - Road to Nice!,2026-10-01T19:00:00.000Z,STANDARD,6abd0c74783097f8dcb74105,77,1778
PTCG,🏆Moujii's Dojo🏆 (Late Registration Available!),2026-10-01T16:10:00.000Z,STANDARD,6ab98142880ed327106de105,209,35
PTCG,SEASAC League Challenge #22 (SEASON 5) [50 CODES],2026-10-01T11:30:00.000Z,STANDARD,6abdfbaf783097f8dcb74e2a,88,2623
PTCG,REFINE Autumn Series Session 5: Nor'Easter,2026-09-30T23:30:00.000Z,STANDARD,6ab49275e905c1db687492bc,128,2568
PTCG,ASRcristiano # 191 - 60 codes - Road to Nice!,2026-09-30T19:00:00.000Z,STANDARD,6abd0c5d880ed327106e0180,65,1778
PTCG,Amyverse PTCG Live Weekly #15 💛 Cash Prize!,2026-09-30T18:00:00.000Z,STANDARD,6ab480d7f127b1b52c280eba,187,2679
PTCG,SEASAC League Challenge #21 (SEASON 5) [50 CODES],2026-09-30T11:30:00.000Z,STANDARD,6abb789a880ed327106df293,93,2623
PTCG,Pudding Weekly #15 | Daring today aren't we?,2026-09-30T01:00:00.000Z,STANDARD,6aba92f0783097f8dcb72988,104,2720
PTCG,Last Prize Series S4 #2,2026-09-29T23:35:00.000Z,STANDARD,6ab5d567f127b1b52c281b8b,148,2227
PTCG,⚡ Surge's TCG Vault Winner Takes All - 50 Codes,2026-09-29T19:30:00.000Z,STANDARD,6ab2760de905c1db68747acc,128,2603
PTCG,👑CrownOfSpain 👑 #9 (10€ paypal),2026-09-29T18:00:00.000Z,STANDARD,6aba4937880ed327106de5c9,181,2698
PTCG,SEASAC League Challenge #19 (SEASON 5) [50 CODES],2026-09-29T11:30:00.000Z,STANDARD,6abb77fb783097f8dcb73419,101,2623
PTCG,🏛💫 Card Temple Weekly Battles #78,2026-09-29T02:00:00.000Z,STANDARD,6abad76e783097f8dcb72dac,52,2152
PTCG,Vault Of Games | 🌙 NOT SO Midnight Madness #11,2026-09-29T01:45:00.000Z,STANDARD,6abaefe8880ed327106deed3,63,2226
PTCG,Sunny's Weekly #275 The Conspiracy,2026-09-28T22:05:00.000Z,STANDARD,6ab1d79de905c1db687477e0,191,145
PTCG,Pumpkaweekly,2026-09-28T18:00:00.000Z,STANDARD,6aba3f73880ed327106de5ae,153,36
PTCG,🏆Moujii's Dojo🏆 (Late Registration Available!),2026-09-28T16:10:00.000Z,STANDARD,6ab2c734e905c1db68747e74,199,35
PTCG,SEASAC League Challenge #18 (SEASON 5) [50 CODES],2026-09-28T11:30:00.000Z,STANDARD,6ab7b105880ed327106dd0b4,111,2623
PTCG,Vault Of Games | 🌙 NOT SO Midnight Madness #10,2026-09-28T02:00:00.000Z,STANDARD,6ab9b017880ed327106de292,60,2226
PTCG,Rare Candy Club Showdown #46 (30TH LEGAL),2026-09-28T00:00:00.000Z,STANDARD,6ab1beb7f127b1b52c27f23a,232,2518
PTCG,SEASAC League Cup #3 (SEASON 5) [150 CODES],2026-09-27T11:30:00.000Z,STANDARD,6ab7b116783097f8dcb711b1,130,2623
PTCG,Vault Of Games #4🏆|SEASON 1|WEEKLY,2026-09-27T01:00:00.000Z,STANDARD,6aaf6bc6f127b1b52c27dab5,175,2226
PTCG,PokeMagee Weekly,2026-09-26T18:00:00.000Z,STANDARD,6ab7a8a1880ed327106dd08d,67,2659
PTCG,SEASAC League Challenge #17 (SEASON 5) [50 CODES],2026-09-26T12:00:00.000Z,STANDARD,6ab66653783097f8dcb703d1,87,2623
PTCG,TOURNAMENT OF DOOM! LET'S GO!,2026-09-26T02:35:00.000Z,STANDARD,6a87229678baaa6d1c2244ea,434,349
PTCG,FULL BENCH FRIDAYS PTCGL $$CASH PRIZE$$,2026-09-25T21:15:00.000Z,STANDARD,6ab2f87be905c1db687481b9,138,2705
PTCG,⚡ Surge's TCG Vault Winner Takes All Live BO3 #24,2026-09-25T18:00:00.000Z,STANDARD,6ab27598e905c1db68747acb,118,2603
PTCG,Team Corna Weekly September's #7,2026-09-25T16:00:00.000Z,STANDARD,6ab4ee63f127b1b52c281028,83,2583
PTCG,Rare Candy Club Blitz #1 (30TH LEGAL),2026-09-25T00:00:00.000Z,STANDARD,6aaf76adf127b1b52c27dac9,79,2518
PTCG,🇧🇷 Hit Cup #18 | TCG Live,2026-09-25T00:00:00.000Z,STANDARD,6aa5a5e538886b36383bdf19,61,2612
PTCG,💥Plantel Battle #33 💥​100 CODES ✔️​ TOP 8,2026-09-24T23:00:00.000Z,STANDARD,6ab40250f127b1b52c28072c,132,1727
PTCG,⚡ Surge's TCG Vault Winner Takes All - 100 Codes,2026-09-24T20:00:00.000Z,STANDARD,6ab27567f127b1b52c27f7d5,107,2603
PTCG,🏆Moujii's Dojo🏆 (Late Registration Available!),2026-09-24T16:10:00.000Z,STANDARD,6aad84ace905c1db68744643,201,35
PTCG,SEASAC League Challenge #16 (SEASON 5) [50 CODES],2026-09-24T12:00:00.000Z,STANDARD,6ab153aef127b1b52c27eaa8,81,2623
PTCG,Vault Of Games | NOT SO Midnight Madness #9,2026-09-24T01:00:00.000Z,STANDARD,6ab459a1e905c1db68748f3d,79,2226
PTCG,REFINE Autumn Series Session 4: Falling Leaves,2026-09-23T23:30:00.000Z,STANDARD,6aac0cf6e905c1db68743543,128,2568
PTCG,Hideout TCG MID-WEEK Meta Clash 100 codes #12,2026-09-23T21:15:00.000Z,STANDARD,6ab2f7ddf127b1b52c27fef3,69,2705
PTCG,Amyverse PTCG Live Weekly #14 💛 Cash Prize!,2026-09-23T18:00:00.000Z,STANDARD,6aab154f38886b36383c1e47,203,2679
PTCG,SEASAC League Challenge #15 (SEASON 5) [50 CODES],2026-09-23T11:30:00.000Z,STANDARD,6ab153aee905c1db68746f50,131,2623
PTCG,Pudding Weekly #14 | What's faster sound or light?,2026-09-23T01:00:00.000Z,STANDARD,6ab0812de905c1db687469ae,116,2720
PTCG,Last Prize Series S4 #1,2026-09-22T23:35:00.000Z,STANDARD,6ab181dae905c1db687472a2,123,2227
PTCG,#Brazil Limitless Trainer #004,2026-09-22T22:45:00.000Z,STANDARD,6aa879f438886b36383c02fe,56,236
PTCG,⚡ Surge's TCG Vault Winner Takes All - 50 Codes,2026-09-22T20:00:00.000Z,STANDARD,6ab274e2e905c1db68747ac7,126,2603
PTCG,👑CrownOfSpain 👑 #8 (10€ paypal),2026-09-22T18:00:00.000Z,STANDARD,6ab0edbce905c1db68746c13,147,2698
PTCG,Team Corna Weekly September's #6,2026-09-22T17:00:00.000Z,STANDARD,6ab141bdf127b1b52c27e96d,138,2583
PTCG,SEASAC League Challenge #14 (SEASON 5) [50 CODES],2026-09-22T11:30:00.000Z,STANDARD,6ab15326f127b1b52c27eaa2,111,2623
PTCG,"CHALLENGE OF DOOM! WAIT, HOW MANY!?!?!",2026-09-22T03:35:00.000Z,STANDARD,6aa5cf9738886b36383be21a,128,349
PTCG,🏛💫 Card Temple Weekly Battles #77,2026-09-22T02:10:00.000Z,STANDARD,6ab1826bf127b1b52c27ee7a,76,2152
PTCG,Sunny's Weekly #274 Beans and Frankfurts,2026-09-21T22:05:00.000Z,STANDARD,6aa860e3f1243e65f980170f,178,145
PTCG,Pumpkaweekly,2026-09-21T18:00:00.000Z,STANDARD,6ab03b02e905c1db68746671,176,36
PTCG,🏆Moujii's Dojo🏆 (Late Registration Available!),2026-09-21T16:10:00.000Z,STANDARD,6aad843af127b1b52c27c2fd,168,35
PTCG,SEASAC League Challenge #13 (SEASON 5) [50 CODES],2026-09-21T11:30:00.000Z,STANDARD,6aae98a2f127b1b52c27cf94,124,2623
PTCG,【CL台風特別編】Rising Poke Japan Cup #Special【BO3】,2026-09-21T04:00:00.000Z,STANDARD,6aaf5762f127b1b52c27da24,108,1257
PTCG,Rare Candy Club Showdown #45 (30TH LEGAL),2026-09-21T00:00:00.000Z,STANDARD,6aace66ef127b1b52c27bd26,200,2518
PTCG,🇧🇷 36° Torneio Padrão do Zap ! Hora do Pix,2026-09-21T00:00:00.000Z,STANDARD,6aa7e343f1243e65f9800f39,83,78
PTCG,# 2Triplo Pack Brazil Limitless Trainer EleuCards#,2026-09-20T20:30:00.000Z,STANDARD,6aa87e7538886b36383c03ab,56,236
PTCG,Monster Collectibles After Hours Season 2 #2,2026-09-20T17:00:00.000Z,STANDARD,6aaef971e905c1db68745b9a,94,2610
PTCG,SEASAC League Challenge #12 (SEASON 5) [50 CODES],2026-09-20T11:30:00.000Z,STANDARD,6aae988df127b1b52c27cf93,142,2623
PTCG,Vault Of Games #3🏆|SEASON 1|WEEKLY,2026-09-20T01:00:00.000Z,STANDARD,6aa616b6f1243e65f97ffc36,161,2226
PTCG,PokeMagee Weekly - 30th Celebration,2026-09-19T18:00:00.000Z,STANDARD,6aad6f9ce905c1db687444f5,105,2659
PTCG,SEASAC League Cup #2 (SEASON 5) [150 CODES],2026-09-19T11:30:00.000Z,STANDARD,6aae2d64f127b1b52c27cb85,83,2623
PTCG,TOURNAMENT OF DOOM! LEGOS!,2026-09-19T02:35:00.000Z,STANDARD,6a8721c75a307140955752eb,386,349
PTCG,FULL BENCH FRIDAYS PTCGL $$CASH PRIZE$$,2026-09-18T21:30:00.000Z,STANDARD,6aa9c528f1243e65f98024ce,93,2705
PTCG,ASRcristiano # 190 - 60 codes - Road to Frankfurt!,2026-09-18T19:00:00.000Z,STANDARD,6aaa4624f1243e65f9802957,72,1778
PTCG,⚡ Surge's TCG Vault Winner Takes All Live BO3 #23,2026-09-18T18:00:00.000Z,STANDARD,6a9eeefcab080c8c957fcf4d,113,2603
PTCG,Team Corna Weekly September's #5,2026-09-18T16:00:00.000Z,STANDARD,6aa7fc1af1243e65f980101c,76,2583
PTCG,SEASAC League Challenge #11 (SEASON 5) [50 CODES],2026-09-18T11:30:00.000Z,STANDARD,6aab592938886b36383c22e1,99,2623
PTCG,30th ANNIVERSARY IS HERE! Oceania Open! | S3 wk 12,2026-09-18T09:30:00.000Z,STANDARD,6a43873b83fd320299bd4947,71,1659
PTCG,🎉30TH LEGAL! | 🟢Jolly Good Weekly #7 | Top Cut!,2026-09-18T00:00:00.000Z,STANDARD,6aab44c138886b36383c21bf,110,2774
PTCG,⚡ Surge's TCG Vault - Winner Takes All ⚡,2026-09-17T20:30:00.000Z,STANDARD,6a9eef1fa4272c53be649d76,74,2603
PTCG,ASRcristiano # 189 - 60 codes - Road to Frankfurt!,2026-09-17T19:00:00.000Z,STANDARD,6aaa460438886b36383c1655,119,1778
PTCG,👑CrownOfSpain 👑 #7 (10€ paypal),2026-09-17T18:00:00.000Z,STANDARD,6aa26770a4272c53be64cba7,95,2698
PTCG,🏆Moujii's Dojo🏆 (Late Registration Available!),2026-09-17T16:10:00.000Z,STANDARD,6aa5ace8f1243e65f97ff33f,171,35
PTCG,SEASAC League Challenge #10 (SEASON 5) [50 CODES],2026-09-17T11:30:00.000Z,STANDARD,6aaa365338886b36383c163d,106,2623
PTCG,Vault Of Games 🎮| Midweek Mayhem #3 | 30th LEGAL,2026-09-17T02:00:00.000Z,STANDARD,6aa9fd46f1243e65f980283d,70,2226
PTCG,REFINE Autumn Series Session 3: Maple (No 30th),2026-09-16T23:30:00.000Z,STANDARD,6aa1a404ab080c8c957ff3c9,128,2568
PTCG,ASRcristiano #188 -Road to Frankfurt! 30c legal,2026-09-16T19:00:00.000Z,STANDARD,6aaa4577f1243e65f9802955,71,1778
PTCG,Amyverse PTCG Live Weekly #13 💛 Cash Prize!,2026-09-16T18:00:00.000Z,STANDARD,6aa2200ca4272c53be64ca11,135,2679
PTCG,Team Corna Weekly 30th Legal (closed decklist),2026-09-16T16:00:00.000Z,STANDARD,6aa7fb5cf1243e65f9801018,71,2583
